{"cameraMode":{"drawMode":0,"name":"Shaded","section":"Shading Mode"},"sceneLighting":true,"audioPlay":false,"sceneViewState":{"showFog":true,"showMaterialUpdate":false,"showSkybox":true,"showFlares":true,"showImageEffects":true,"showParticleSystems":true},"in2DMode":false,"pivot":{"x":-24.393905639648439,"y":-5.11790657043457,"z":-64.89390563964844},"rotation":{"x":-0.030203573405742646,"y":0.9545456171035767,"z":-0.10379283130168915,"w":-0.2777932584285736},"size":15.084007263183594,"orthographic":false}