{"cameraMode":{"drawMode":0,"name":"Shaded","section":"Shading Mode"},"sceneLighting":true,"audioPlay":false,"sceneViewState":{"showFog":true,"showMaterialUpdate":false,"showSkybox":true,"showFlares":true,"showImageEffects":true,"showParticleSystems":true},"in2DMode":false,"pivot":{"x":-3.1427457332611086,"y":0.28818392753601076,"z":-5.291219234466553},"rotation":{"x":-0.047466084361076358,"y":0.9172613620758057,"z":-0.11508125066757202,"w":-0.3783310651779175},"size":4.207394599914551,"orthographic":false}