{"cameraMode":{"drawMode":0,"name":"Shaded","section":"Shading Mode"},"sceneLighting":true,"audioPlay":false,"sceneViewState":{"showFog":true,"showMaterialUpdate":false,"showSkybox":true,"showFlares":true,"showImageEffects":true,"showParticleSystems":true},"in2DMode":false,"pivot":{"x":-1.3588666915893555,"y":-4.755338668823242,"z":4.704287528991699},"rotation":{"x":-0.3121866285800934,"y":0.37992221117019656,"z":-0.13795530796051026,"w":-0.8597479462623596},"size":10.014498710632325,"orthographic":false}